paper_id,title,summary,authors_joined,categories_joined,published,updated,abs_url,pdf_url,comment,age_days,summary_chars,text_for_embedding
10.xxxx/sample-0019,Temporal Information in Document Ranking,This paper addresses multi-hop reasoning in retrieval augmented systems. We introduce new evaluation metrics and benchmarks for this challenging task. $@%*#!@%@&,Oliver Scott,"Computer Science, Machine Learning",2024-07-19,2024-07-19,https://doi.org/10.xxxx/sample-0019,,,691,150,"Temporal Information in Document Ranking
This paper addresses multi-hop reasoning in retrieval augmented systems. We introduce new evaluation metrics and benchmarks for this challenging task. $@%*#!@%@&
Oliver Scott"
10.xxxx/sample-0007,Prompt Engineering for LLM-based Systems,This work focuses on prompt engineering techniques for improving LLM-based retrieval systems. We provide practical guidelines for prompt design and optimization. $*^#!@!^!%,Leo Martin,"Computer Science, Machine Learning",2024-07-07,2024-07-07,https://doi.org/10.xxxx/sample-0007,,,703,161,"Prompt Engineering for LLM-based Systems
This work focuses on prompt engineering techniques for improving LLM-based retrieval systems. We provide practical guidelines for prompt design and optimization. $*^#!@!^!%
Leo Martin"
10.xxxx/sample-0016,Streaming Evaluation of Retrieval Systems,We present methods for integrating knowledge graphs with vector embeddings for enhanced retrieval. The proposed approach achieves state-of-the-art results on multiple benchmarks.,"Jack Turner, Karen Davis","Text Mining, Data Science",2024-04-16,2024-04-16,https://doi.org/10.xxxx/sample-0016,,,785,178,"Streaming Evaluation of Retrieval Systems
We present methods for integrating knowledge graphs with vector embeddings for enhanced retrieval. The proposed approach achieves state-of-the-art results on multiple benchmarks.
Jack Turner, Karen Davis"
10.xxxx/sample-0004,Neural Scaling Laws in Language Models,,"Grace Lee, Henry Wong","Text Mining, Data Science",2024-04-04,2024-04-04,https://doi.org/10.xxxx/sample-0004,,,797,166,"Neural Scaling Laws in Language Models

Grace Lee, Henry Wong"
10.xxxx/sample-0013,Context Window Optimization in LLMs,This work explores fine-tuning strategies for transformer models in semantic search applications. We demonstrate how transfer learning can improve performance with limited labeled data.,Frank Zhang,"Computer Science, Machine Learning",2024-01-13,2024-01-13,https://doi.org/10.xxxx/sample-0013,,,879,185,"Context Window Optimization in LLMs
This work explores fine-tuning strategies for transformer models in semantic search applications. We demonstrate how transfer learning can improve performance with limited labeled data.
Frank Zhang"
10.xxxx/sample-0001,Large Language Models for Retrieval Augmented Generation,,"Alice Johnson, Bob Smith","Computer Science, Machine Learning",2024-01-01,2024-01-01,https://doi.org/10.xxxx/sample-0001,,,891,219,"Large Language Models for Retrieval Augmented Generation

Alice Johnson, Bob Smith"
10.xxxx/sample-0023,Diversity-aware Ranking in Search,This work explores fine-tuning strategies for transformer models in semantic search applications. We demonstrate how transfer learning can improve performance with limited labeled data. %%@!$&&*&&,Frank Zhang,"Artificial Intelligence, Computational Linguistics",2023-11-23,2023-11-23,https://doi.org/10.xxxx/sample-0023,,,930,185,"Diversity-aware Ranking in Search
This work explores fine-tuning strategies for transformer models in semantic search applications. We demonstrate how transfer learning can improve performance with limited labeled data. %%@!$&&*&&
Frank Zhang"
10.xxxx/sample-0011,Evaluating Retrieval Quality in RAG Systems,This paper presents a comprehensive study of retrieval augmented generation systems using large language models. We evaluate various retrieval strategies and their impact on model performance across multiple benchmarks.,"Alice Johnson, Bob Smith","Artificial Intelligence, Computational Linguistics",2022-11-11,2023-11-11,https://doi.org/10.xxxx/sample-0011,,,1307,219,"Evaluating Retrieval Quality in RAG Systems
This paper presents a comprehensive study of retrieval augmented generation systems using large language models. We evaluate various retrieval strategies and their impact on model performance across multiple benchmarks.
Alice Johnson, Bob Smith"
10.xxxx/sample-0020,Multilingual Retrieval Augmented Generation,We explore hybrid search combining dense and sparse retrieval methods. Experimental results demonstrate the benefits of multi-strategy approaches.,Paula Green,"Natural Language Processing, Information Retrieval",2023-08-20,2023-08-20,https://doi.org/10.xxxx/sample-0020,,,1025,146,"Multilingual Retrieval Augmented Generation
We explore hybrid search combining dense and sparse retrieval methods. Experimental results demonstrate the benefits of multi-strategy approaches.
Paula Green"
10.xxxx/sample-0008,Efficient Retrieval with Dense,We propose efficient retrieval methods using dense passage vectors. Our approach reduces memory requirements while maintaining competitive performance.,"Maya Patel, Noah Harris","Natural Language Processing, Information Retrieval",2023-08-08,2023-08-08,https://doi.org/10.xxxx/sample-0008,,,1037,151,"Efficient Retrieval with Dense
We propose efficient retrieval methods using dense passage vectors. Our approach reduces memory requirements while maintaining competitive performance.
Maya Patel, Noah Harris"
10.xxxx/sample-0017,Chain-of-thought Reasoning in Agents,This work focuses on prompt engineering techniques for improving LLM-based retrieval systems. We provide practical guidelines for prompt design and optimization.,Leo Martin,"Artificial Intelligence, Computational Linguistics",2023-05-17,2023-05-17,https://doi.org/10.xxxx/sample-0017,,,1120,161,"Chain-of-thought Reasoning in Agents
This work focuses on prompt engineering techniques for improving LLM-based retrieval systems. We provide practical guidelines for prompt design and optimization.
Leo Martin"
10.xxxx/sample-0005,Reinforcement Learning for Information Retrieval,This paper introduces a reinforcement learning approach to optimize retrieval systems. Experimental results show substantial improvements over supervised baselines.,Iris Park,"Artificial Intelligence, Computational Linguistics",2023-05-05,2023-05-05,https://doi.org/10.xxxx/sample-0005,,,1132,164,"Reinforcement Learning for Information Retrieval
This paper introduces a reinforcement learning approach to optimize retrieval systems. Experimental results show substantial improvements over supervised baselines.
Iris Park"
10.xxxx/sample-0014,Zero-shot Learning for Cross-domain Retrieval,We investigate neural scaling laws in language models for retrieval tasks. Our analysis reveals important insights about model capacity and performance relationships. $%*#$&*!*@,"Grace Lee, Henry Wong","Natural Language Processing, Information Retrieval",2023-02-14,2023-02-14,https://doi.org/10.xxxx/sample-0014,,,1212,166,"Zero-shot Learning for Cross-domain Retrieval
We investigate neural scaling laws in language models for retrieval tasks. Our analysis reveals important insights about model capacity and performance relationships. $%*#$&*!*@
Grace Lee, Henry Wong"
10.xxxx/sample-0002,Agentic Retrieval Systems with Neural Networks,We propose a novel agentic framework for building intelligent retrieval systems. Our approach demonstrates significant improvements in both accuracy and efficiency compared to baseline methods.,"Charlie Brown, Diana Prince, Eve Wilson","Natural Language Processing, Information Retrieval",2023-02-02,2023-02-02,https://doi.org/10.xxxx/sample-0002,,,1224,193,"Agentic Retrieval Systems with Neural Networks
We propose a novel agentic framework for building intelligent retrieval systems. Our approach demonstrates significant improvements in both accuracy and efficiency compared to baseline methods.
Charlie Brown, Diana Prince, Eve Wilson"
10.xxxx/sample-0024,Federated Learning for Privacy-preserving Retrieval,We investigate neural scaling laws in language models for retrieval tasks. Our analysis reveals important insights about model capacity and performance relationships.,"Grace Lee, Henry Wong","Information Systems, Search",2022-12-24,2022-12-24,https://doi.org/10.xxxx/sample-0024,,,1264,166,"Federated Learning for Privacy-preserving Retrieval
We investigate neural scaling laws in language models for retrieval tasks. Our analysis reveals important insights about model capacity and performance relationships.
Grace Lee, Henry Wong"
10.xxxx/sample-0012,Domain Adaptation for Specialized Corpora,,"Charlie Brown, Diana Prince, Eve Wilson","Information Systems, Search",2021-12-12,2022-12-12,https://doi.org/10.xxxx/sample-0012,,,1641,193,"Domain Adaptation for Specialized Corpora

Charlie Brown, Diana Prince, Eve Wilson"
10.xxxx/sample-0021,Robust Retrieval under Noisy Conditions,This paper presents a comprehensive study of retrieval augmented generation systems using large language models. We evaluate various retrieval strategies and their impact on model performance across multiple benchmarks.,"Alice Johnson, Bob Smith","Deep Learning, Neural Networks",2021-09-21,2022-09-21,https://doi.org/10.xxxx/sample-0021,,,1723,219,"Robust Retrieval under Noisy Conditions
This paper presents a comprehensive study of retrieval augmented generation systems using large language models. We evaluate various retrieval strategies and their impact on model performance across multiple benchmarks.
Alice Johnson, Bob Smith"
10.xxxx/sample-0009,Multi-hop Reasoning in Retriev,This paper addresses multi-hop reasoning in retrieval augmented systems. We introduce new evaluation metrics and benchmarks for this challenging task.,Oliver Scott,"Deep Learning, Neural Networks",2021-09-09,2022-09-09,https://doi.org/10.xxxx/sample-0009,,,1735,150,"Multi-hop Reasoning in Retriev
This paper addresses multi-hop reasoning in retrieval augmented systems. We introduce new evaluation metrics and benchmarks for this challenging task.
Oliver Scott"
10.xxxx/sample-0018,Knowledge Distillation for Efficient Embeddings,We propose efficient retrieval methods using dense passage vectors. Our approach reduces memory requirements while maintaining competitive performance.,"Maya Patel, Noah Harris","Information Systems, Search",2022-06-18,2022-06-18,https://doi.org/10.xxxx/sample-0018,,,1453,151,"Knowledge Distillation for Efficient Embeddings
We propose efficient retrieval methods using dense passage vectors. Our approach reduces memory requirements while maintaining competitive performance.
Maya Patel, Noah Harris"
10.xxxx/sample-0006,Knowledge Graphs and Vector Embeddings,We present methods for integrating knowledge graphs with vector embeddings for enhanced retrieval. The proposed approach achieves state-of-the-art results on multiple benchmarks.,"Jack Turner, Karen Davis","Information Systems, Search",2022-06-06,2022-06-06,https://doi.org/10.xxxx/sample-0006,,,1465,178,"Knowledge Graphs and Vector Embeddings
We present methods for integrating knowledge graphs with vector embeddings for enhanced retrieval. The proposed approach achieves state-of-the-art results on multiple benchmarks.
Jack Turner, Karen Davis"
10.xxxx/sample-0015,Memory-efficient Embeddings for Large Collections,This paper introduces a reinforcement learning approach to optimize retrieval systems. Experimental results show substantial improvements over supervised baselines.,Iris Park,"Deep Learning, Neural Networks",2022-03-15,2022-03-15,https://doi.org/10.xxxx/sample-0015,,,1548,164,"Memory-efficient Embeddings for Large Collections
This paper introduces a reinforcement learning approach to optimize retrieval systems. Experimental results show substantial improvements over supervised baselines.
Iris Park"
10.xxxx/sample-0003,Fine-tuning Transformers for Semantic Search,This work explores fine-tuning strategies for transformer models in semantic search applications. We demonstrate how transfer learning can improve performance with limited labeled data.,Frank Zhang,"Deep Learning, Neural Networks",2021-03-03,2022-03-03,https://doi.org/10.xxxx/sample-0003,,,1925,185,"Fine-tuning Transformers for Semantic Search
This work explores fine-tuning strategies for transformer models in semantic search applications. We demonstrate how transfer learning can improve performance with limited labeled data.
Frank Zhang"
10.xxxx/sample-0020,Multilingual Retrieval Augmented Generation,We explore hybrid search combining dense and sparse retrieval methods. Experimental results demonstrate the benefits of multi-strategy approaches.,Paula Green,"Natural Language Processing, Information Retrieval",2023-08-20,2023-08-20,https://doi.org/10.xxxx/sample-0020,,,1025,146,"Multilingual Retrieval Augmented Generation
We explore hybrid search combining dense and sparse retrieval methods. Experimental results demonstrate the benefits of multi-strategy approaches.
Paula Green"
